,SK_ID_BUREAU,MONTHS_BALANCE,STATUS
0,5715448,0,C
1,5715448,-1,C
2,5715448,-2,C
3,5715448,-3,C
4,5715448,-4,C
5,5715448,-5,C
6,5715448,-6,C
7,5715448,-7,C
8,5715448,-8,C
9,5715448,-9,0
10,5715448,-10,0
11,5715448,-11,X
12,5715448,-12,X
13,5715448,-13,X
14,5715448,-14,0
15,5715448,-15,0
16,5715448,-16,0
17,5715448,-17,0
18,5715448,-18,0
19,5715448,-19,0
20,5715448,-20,X
21,5715448,-21,X
22,5715448,-22,X
23,5715448,-23,X
24,5715448,-24,X
25,5715448,-25,X
26,5715448,-26,X
27,5715449,0,C
28,5715449,-1,C
29,5715449,-2,C
30,5715449,-3,C
31,5715449,-4,C
32,5715449,-5,C
33,5715449,-6,0
34,5715449,-7,0
35,5715449,-8,0
36,5715449,-9,0
37,5715449,-10,0
38,5715449,-11,X
39,5715451,-5,C
40,5715451,-6,C
41,5715451,-7,C
42,5715451,-8,C
43,5715451,-9,C
44,5715451,-10,0
45,5715451,-11,0
46,5715451,-12,0
47,5715451,-13,0
48,5715451,-14,0
49,5715451,-15,0
50,5715451,-16,X
51,5715451,-17,X
52,5715451,-18,X
53,5715451,-19,0
54,5715451,-20,0
55,5715451,-21,0
56,5715451,-22,0
57,5715451,-23,0
58,5715451,-24,0
59,5715451,-25,0
60,5715451,-26,0
61,5715451,-27,0
62,5715451,-28,0
63,5715451,-29,0
64,5715451,-30,X
65,5715452,0,C
66,5715452,-1,C
67,5715452,-2,C
68,5715452,-3,C
69,5715452,-4,C
70,5715452,-5,C
71,5715452,-6,C
72,5715452,-7,C
73,5715452,-8,C
74,5715452,-9,C
75,5715452,-10,C
76,5715452,-11,C
77,5715452,-12,C
78,5715452,-13,C
79,5715452,-14,C
80,5715452,-15,0
81,5715452,-16,0
82,5715452,-17,X
83,5715452,-18,X
84,5715452,-19,X
85,5715452,-20,0
86,5715452,-21,0
87,5715452,-22,0
88,5715452,-23,0
89,5715452,-24,0
90,5715452,-25,0
91,5715452,-26,X
92,5715452,-27,X
93,5715452,-28,X
94,5715452,-29,X
95,5715452,-30,X
96,5715452,-31,X
97,5715452,-32,X
98,5715453,0,C
99,5715453,-1,C
100,5715453,-2,C
101,5715453,-3,C
102,5715453,-4,C
103,5715453,-5,C
104,5715453,-6,C
105,5715453,-7,C
106,5715453,-8,C
107,5715453,-9,C
108,5715453,-10,C
109,5715453,-11,C
110,5715453,-12,C
111,5715453,-13,C
112,5715453,-14,C
113,5715453,-15,C
114,5715453,-16,C
115,5715453,-17,C
116,5715453,-18,C
117,5715453,-19,C
118,5715453,-20,0
119,5715453,-21,0
120,5715453,-22,X
121,5715453,-23,X
122,5715453,-24,X
123,5715453,-25,0
124,5715453,-26,0
125,5715453,-27,0
126,5715453,-28,0
127,5715453,-29,0
128,5715453,-30,0
129,5715453,-31,X
130,5715453,-32,X
131,5715453,-33,X
132,5715453,-34,X
133,5715453,-35,X
134,5715453,-36,X
135,5715453,-37,X
136,5715454,-15,C
137,5715454,-16,C
138,5715454,-17,C
139,5715454,-18,C
140,5715454,-19,C
141,5715454,-20,C
142,5715454,-21,C
143,5715454,-22,C
144,5715454,-23,C
145,5715454,-24,C
146,5715454,-25,C
147,5715454,-26,C
148,5715454,-27,C
149,5715454,-28,C
150,5715454,-29,C
151,5715454,-30,C
152,5715454,-31,C
153,5715454,-32,C
154,5715454,-33,C
155,5715454,-34,0
156,5715454,-35,0
157,5715454,-36,0
158,5715454,-37,0
159,5715454,-38,0
160,5715454,-39,0
161,5715454,-40,0
162,5715454,-41,0
163,5715454,-42,0
164,5715454,-43,0
165,5715454,-44,0
166,5715454,-45,0
167,5715454,-46,0
168,5715454,-47,0
169,5715454,-48,0
170,5715454,-49,0
171,5715454,-50,0
172,5715454,-51,0
173,5715454,-52,X
174,5715454,-53,0
175,5715455,-49,X
176,5715455,-50,X
177,5715455,-51,X
178,5715455,-52,X
179,5715455,-53,X
180,5715455,-54,X
181,5715455,-55,X
182,5715455,-56,X
183,5715455,-57,X
184,5715455,-58,X
185,5715455,-59,X
186,5715455,-60,X
187,5715455,-61,X
188,5715455,-62,X
189,5715455,-63,X
190,5715455,-64,X
191,5715455,-65,X
192,5715455,-66,X
193,5715455,-67,X
194,5715455,-68,X
195,5715455,-69,X
196,5715455,-70,X
197,5715455,-71,X
198,5715455,-72,X
199,5715455,-73,X
200,5715455,-74,X
201,5715455,-75,X
202,5715455,-76,X
203,5715455,-77,X
204,5715455,-78,X
205,5715455,-79,X
206,5715455,-80,X
207,5715455,-81,X
208,5715455,-82,X
209,5715455,-83,X
210,5715455,-84,X
211,5715455,-85,X
212,5715455,-86,X
213,5715456,-21,X
214,5715456,-22,X
215,5715456,-23,X
216,5715456,-24,X
217,5715456,-25,X
218,5715456,-26,X
219,5715456,-27,X
220,5715456,-28,X
221,5715456,-29,X
222,5715456,-30,X
223,5715456,-31,X
224,5715456,-32,X
225,5715456,-33,X
226,5715456,-34,X
227,5715456,-35,X
228,5715456,-36,X
229,5715456,-37,X
230,5715456,-38,X
231,5715456,-39,X
232,5715456,-40,X
233,5715456,-41,X
234,5715456,-42,X
235,5715456,-43,X
236,5715456,-44,X
237,5715456,-45,X
238,5715456,-46,X
239,5715456,-47,X
240,5715457,0,0
241,5715457,-1,X
242,5715457,-2,X
243,5715457,-3,X
244,5715457,-4,X
245,5715457,-5,X
246,5715457,-6,X
247,5715457,-7,X
248,5715458,0,C
249,5715458,-1,C
250,5715458,-2,C
251,5715458,-3,C
252,5715458,-4,C
253,5715458,-5,C
254,5715458,-6,C
255,5715458,-7,0
256,5715458,-8,0
257,5715458,-9,X
258,5715458,-10,X
259,5715458,-11,X
260,5715458,-12,0
261,5715458,-13,0
262,5715458,-14,0
263,5715458,-15,0
264,5715458,-16,0
265,5715458,-17,0
266,5715458,-18,X
267,5715458,-19,X
268,5715458,-20,X
269,5715458,-21,X
270,5715458,-22,X
271,5715458,-23,X
272,5715458,-24,X
273,5715459,0,C
274,5715459,-1,C
275,5715459,-2,C
276,5715459,-3,C
277,5715459,-4,C
278,5715459,-5,C
279,5715459,-6,C
280,5715459,-7,C
281,5715459,-8,C
282,5715459,-9,C
283,5715459,-10,C
284,5715459,-11,C
285,5715459,-12,C
286,5715459,-13,C
287,5715459,-14,C
288,5715459,-15,C
289,5715459,-16,0
290,5715459,-17,0
291,5715459,-18,0
292,5715459,-19,0
293,5715459,-20,X
294,5715460,0,X
295,5715460,-1,X
296,5715460,-2,X
297,5715460,-3,X
298,5715460,-4,X
299,5715460,-5,X
300,5715460,-6,X
301,5715460,-7,X
302,5715461,0,0
303,5715461,-1,0
304,5715461,-2,0
305,5715461,-3,0
306,5715478,0,C
307,5715478,-1,C
308,5715478,-2,C
309,5715478,-3,C
310,5715478,-4,C
311,5715478,-5,C
312,5715478,-6,C
313,5715478,-7,C
314,5715478,-8,0
315,5715479,0,C
316,5715479,-1,C
317,5715479,-2,C
318,5715479,-3,C
319,5715479,-4,C
320,5715479,-5,C
321,5715479,-6,C
322,5715479,-7,C
323,5715479,-8,C
324,5715479,-9,C
325,5715479,-10,C
326,5715479,-11,C
327,5715479,-12,C
328,5715479,-13,C
329,5715479,-14,C
330,5715479,-15,X
331,5715479,-16,X
332,5715479,-17,X
333,5715479,-18,X
334,5715479,-19,X
335,5715479,-20,X
336,5715480,0,C
337,5715480,-1,C
338,5715480,-2,0
339,5715480,-3,0
340,5715480,-4,0
341,5715480,-5,0
342,5715480,-6,0
343,5715480,-7,0
344,5715480,-8,0
345,5715480,-9,0
346,5715480,-10,0
347,5715480,-11,0
348,5715521,0,C
349,5715521,-1,C
350,5715521,-2,C
351,5715521,-3,C
352,5715521,-4,C
353,5715521,-5,C
354,5715521,-6,0
355,5715521,-7,0
356,5715521,-8,0
357,5715521,-9,0
358,5715521,-10,0
359,5715529,-58,C
360,5715529,-59,C
361,5715529,-60,C
362,5715529,-61,0
363,5715529,-62,X
364,5715530,0,C
365,5715530,-1,C
366,5715530,-2,C
367,5715530,-3,C
368,5715530,-4,C
369,5715530,-5,C
370,5715530,-6,C
371,5715530,-7,C
372,5715530,-8,C
373,5715530,-9,C
374,5715530,-10,C
375,5715530,-11,C
376,5715530,-12,C
377,5715530,-13,C
378,5715530,-14,C
379,5715530,-15,0
380,5715530,-16,0
381,5715530,-17,0
382,5715530,-18,0
383,5715530,-19,0
384,5715530,-20,0
385,5715530,-21,0
386,5715530,-22,0
387,5715531,-8,C
388,5715531,-9,C
389,5715531,-10,C
390,5715531,-11,0
391,5715531,-12,X
392,5715538,0,0
393,5715538,-1,0
394,5715538,-2,0
395,5715538,-3,0
396,5715538,-4,0
397,5715538,-5,0
398,5715538,-6,0
399,5715538,-7,0
400,5715538,-8,0
401,5715539,0,0
402,5715539,-1,0
403,5715539,-2,0
404,5715539,-3,0
405,5715539,-4,0
406,5715539,-5,0
407,5715539,-6,0
408,5715539,-7,0
409,5715540,0,0
410,5715540,-1,0
411,5715540,-2,0
412,5715540,-3,0
413,5715540,-4,0
414,5715565,0,X
415,5715565,-1,0
416,5715565,-2,0
417,5715565,-3,X
418,5715565,-4,0
419,5715565,-5,X
420,5715565,-6,0
421,5715565,-7,X
422,5715565,-8,0
423,5715565,-9,X
424,5715565,-10,0
425,5715565,-11,0
426,5715565,-12,0
427,5715565,-13,X
428,5715565,-14,0
429,5715565,-15,0
430,5715565,-16,0
431,5715565,-17,X
432,5715565,-18,0
433,5715565,-19,X
434,5715565,-20,0
435,5715565,-21,X
436,5715565,-22,X
437,5715565,-23,X
438,5715565,-24,0
439,5715565,-25,0
440,5715565,-26,X
441,5715565,-27,X
442,5715565,-28,0
443,5715565,-29,X
444,5715565,-30,X
445,5715793,-20,X
446,5715793,-21,0
447,5715793,-22,0
448,5715793,-23,0
449,5715793,-24,0
450,5715793,-25,0
451,5715793,-26,0
452,5715793,-27,0
453,5715793,-28,0
454,5715793,-29,0
455,5715793,-30,0
456,5715793,-31,0
457,5715793,-32,0
458,5715793,-33,0
459,5715793,-34,0
460,5715793,-35,0
461,5715793,-36,0
462,5715793,-37,0
463,5715793,-38,0
464,5715793,-39,1
465,5715793,-40,1
466,5715793,-41,0
467,5715793,-42,0
468,5715793,-43,1
469,5715793,-44,0
470,5715793,-45,0
471,5715793,-46,0
472,5715793,-47,0
473,5715794,-43,X
474,5715794,-44,0
475,5715794,-45,0
476,5715794,-46,0
477,5715794,-47,0
478,5715794,-48,0
479,5715794,-49,0
480,5715795,-11,X
481,5715795,-12,0
482,5715795,-13,0
483,5715795,-14,0
484,5715795,-15,0
485,5715795,-16,0
486,5715795,-17,0
487,5715795,-18,0
488,5715795,-19,0
489,5715795,-20,0
490,5715795,-21,0
491,5715795,-22,0
492,5715795,-23,0
493,5715795,-24,0
494,5715795,-25,0
495,5715795,-26,0
496,5715795,-27,0
497,5715795,-28,0
498,5715795,-29,0
499,5715795,-30,1
500,5715795,-31,1
501,5715795,-32,0
502,5715795,-33,0
503,5715795,-34,1
504,5715795,-35,0
505,5715795,-36,0
506,5715795,-37,0
507,5715795,-38,0
508,5715796,-10,X
509,5715796,-11,0
510,5715796,-12,0
511,5715796,-13,0
512,5715796,-14,0
513,5715796,-15,0
514,5715796,-16,0
515,5715796,-17,0
516,5715796,-18,0
517,5715796,-19,0
518,5715796,-20,0
519,5715796,-21,0
520,5715796,-22,0
521,5715796,-23,0
522,5715796,-24,0
523,5715796,-25,0
524,5715796,-26,0
525,5715796,-27,0
526,5715796,-28,0
527,5715796,-29,1
528,5715796,-30,1
529,5715796,-31,0
530,5715796,-32,0
531,5715796,-33,1
532,5715796,-34,0
533,5715796,-35,0
534,5715796,-36,0
535,5715796,-37,0
536,5715797,0,0
537,5715797,-1,1
538,5715797,-2,1
539,5715797,-3,0
540,5715797,-4,0
541,5715797,-5,0
542,5715797,-6,0
543,5715797,-7,2
544,5715797,-8,1
545,5715797,-9,0
546,5715797,-10,0
547,5715797,-11,1
548,5715797,-12,0
549,5715797,-13,1
550,5715797,-14,2
551,5715797,-15,1
552,5715797,-16,1
553,5715797,-17,0
554,5715797,-18,0
555,5715797,-19,1
556,5715797,-20,0
557,5715797,-21,1
558,5715797,-22,0
559,5715797,-23,1
560,5715797,-24,0
561,5715797,-25,0
562,5715797,-26,0
563,5717347,-18,0
564,5717347,-19,0
565,5717347,-20,0
566,5717347,-21,0
567,5717347,-22,0
568,5717347,-23,0
569,5717347,-24,0
570,5717347,-25,0
571,5717347,-26,0
572,5717348,0,1
573,5717348,-1,0
574,5717348,-2,0
575,5717348,-3,0
576,5717348,-4,0
577,5717348,-5,0
578,5717348,-6,0
579,5717348,-7,0
580,5717348,-8,0
581,5717356,-35,C
582,5717356,-36,C
583,5717356,-37,C
584,5717356,-38,C
585,5717356,-39,C
586,5717356,-40,C
587,5717356,-41,C
588,5717356,-42,C
589,5717356,-43,C
590,5717356,-44,C
591,5717356,-45,C
592,5717356,-46,C
593,5717356,-47,C
594,5717356,-48,C
595,5717356,-49,C
596,5717356,-50,C
597,5717356,-51,C
598,5717356,-52,C
599,5717356,-53,C
600,5717356,-54,C
601,5717356,-55,C
602,5717356,-56,C
603,5717356,-57,C
604,5717356,-58,C
605,5717356,-59,0
606,5717356,-60,0
607,5717356,-61,0
608,5717356,-62,0
609,5717356,-63,0
610,5717356,-64,0
611,5717358,0,C
612,5717358,-1,C
613,5717358,-2,C
614,5717358,-3,C
615,5717358,-4,C
616,5717358,-5,C
617,5717358,-6,C
618,5717358,-7,C
619,5717358,-8,C
620,5717358,-9,C
621,5717358,-10,C
622,5717358,-11,C
623,5717358,-12,C
624,5717358,-13,C
625,5717358,-14,C
626,5717358,-15,C
627,5717358,-16,C
628,5717358,-17,C
629,5717358,-18,C
630,5717358,-19,C
631,5717358,-20,C
632,5717358,-21,C
633,5717358,-22,C
634,5717358,-23,C
635,5717358,-24,0
636,5717358,-25,0
637,5717358,-26,0
638,5717358,-27,0
639,5717360,0,X
640,5717360,-1,X
641,5717360,-2,X
642,5717360,-3,X
643,5717360,-4,0
644,5717360,-5,X
645,5717360,-6,X
646,5717360,-7,X
647,5717360,-8,0
648,5717360,-9,X
649,5717360,-10,0
650,5717360,-11,X
651,5717360,-12,X
652,5717360,-13,X
653,5717360,-14,0
654,5717360,-15,0
655,5717363,-42,C
656,5717363,-43,C
657,5717363,-44,C
658,5717363,-45,C
659,5717363,-46,C
660,5717363,-47,C
661,5717363,-48,C
662,5717363,-49,C
663,5717363,-50,C
664,5717363,-51,C
665,5717363,-52,C
666,5717363,-53,C
667,5717363,-54,C
668,5717363,-55,C
669,5717363,-56,C
670,5717363,-57,C
671,5717363,-58,C
672,5717363,-59,C
673,5717363,-60,C
674,5717363,-61,C
675,5717363,-62,C
676,5717363,-63,C
677,5717363,-64,C
678,5717363,-65,C
679,5717363,-66,C
680,5717363,-67,C
681,5717363,-68,C
682,5717363,-69,C
683,5717363,-70,C
684,5717363,-71,C
685,5717363,-72,C
686,5717363,-73,C
687,5717363,-74,C
688,5717363,-75,C
689,5717363,-76,C
690,5717363,-77,C
691,5717363,-78,C
692,5717363,-79,C
693,5717363,-80,C
694,5717363,-81,C
695,5717363,-82,C
696,5717363,-83,0
697,5717363,-84,0
698,5717363,-85,0
699,5717363,-86,0
700,5717363,-87,0
701,5717363,-88,0
702,5717363,-89,0
703,5717363,-90,0
704,5717363,-91,X
705,5717364,-29,C
706,5717364,-30,C
707,5717364,-31,C
708,5717364,-32,C
709,5717364,-33,C
710,5717364,-34,C
711,5717364,-35,C
712,5717364,-36,C
713,5717364,-37,C
714,5717364,-38,C
715,5717364,-39,C
716,5717364,-40,C
717,5717364,-41,C
718,5717364,-42,C
719,5717364,-43,C
720,5717364,-44,C
721,5717364,-45,C
722,5717364,-46,C
723,5717364,-47,C
724,5717364,-48,C
725,5717364,-49,C
726,5717364,-50,C
727,5717364,-51,C
728,5717364,-52,C
729,5717364,-53,C
730,5717364,-54,C
731,5717364,-55,C
732,5717364,-56,C
733,5717364,-57,C
734,5717364,-58,C
735,5717364,-59,C
736,5717364,-60,C
737,5717364,-61,C
738,5717364,-62,C
739,5717364,-63,C
740,5717364,-64,C
741,5717364,-65,C
742,5717364,-66,C
743,5717364,-67,C
744,5717364,-68,C
745,5717364,-69,C
746,5717364,-70,0
747,5717364,-71,0
748,5717364,-72,0
749,5717364,-73,0
750,5717364,-74,0
751,5717364,-75,0
752,5717364,-76,0
753,5717364,-77,0
754,5717364,-78,X
755,5717365,0,C
756,5717365,-1,C
757,5717365,-2,C
758,5717365,-3,C
759,5717365,-4,C
760,5717365,-5,C
761,5717365,-6,C
762,5717365,-7,C
763,5717365,-8,C
764,5717365,-9,C
765,5717365,-10,C
766,5717365,-11,C
767,5717365,-12,C
768,5717365,-13,C
769,5717365,-14,C
770,5717365,-15,C
771,5717365,-16,C
772,5717365,-17,C
773,5717365,-18,C
774,5717365,-19,C
775,5717365,-20,C
776,5717365,-21,C
777,5717365,-22,C
778,5717365,-23,C
779,5717365,-24,C
780,5717365,-25,C
781,5717365,-26,C
782,5717365,-27,C
783,5717365,-28,C
784,5717365,-29,C
785,5717365,-30,C
786,5717365,-31,C
787,5717365,-32,C
788,5717365,-33,C
789,5717365,-34,C
790,5717365,-35,0
791,5717365,-36,0
792,5717365,-37,0
793,5717365,-38,0
794,5717365,-39,0
795,5717365,-40,0
796,5717365,-41,0
797,5717365,-42,0
798,5717365,-43,X
799,5717366,-2,C
800,5717366,-3,C
801,5717366,-4,C
802,5717366,-5,C
803,5717366,-6,C
804,5717366,-7,C
805,5717366,-8,C
806,5717366,-9,C
807,5717366,-10,C
808,5717366,-11,C
809,5717366,-12,C
810,5717366,-13,C
811,5717366,-14,C
812,5717366,-15,C
813,5717366,-16,C
814,5717366,-17,C
815,5717366,-18,C
816,5717366,-19,C
817,5717366,-20,C
818,5717366,-21,C
819,5717366,-22,C
820,5717366,-23,C
821,5717366,-24,C
822,5717366,-25,C
823,5717366,-26,C
824,5717366,-27,C
825,5717366,-28,C
826,5717366,-29,C
827,5717366,-30,C
828,5717366,-31,C
829,5717366,-32,C
830,5717366,-33,C
831,5717366,-34,C
832,5717366,-35,C
833,5717366,-36,C
834,5717366,-37,C
835,5717366,-38,C
836,5717366,-39,C
837,5717366,-40,C
838,5717366,-41,C
839,5717366,-42,C
840,5717366,-43,0
841,5717366,-44,0
842,5717366,-45,0
843,5717366,-46,0
844,5717366,-47,0
845,5717366,-48,0
846,5717366,-49,0
847,5717366,-50,0
848,5717366,-51,X
849,5717367,0,C
850,5717367,-1,C
851,5717367,-2,C
852,5717367,-3,C
853,5717367,-4,C
854,5717367,-5,C
855,5717367,-6,C
856,5717367,-7,C
857,5717367,-8,C
858,5717367,-9,C
859,5717367,-10,C
860,5717367,-11,C
861,5717367,-12,C
862,5717367,-13,C
863,5717367,-14,C
864,5717367,-15,C
865,5717367,-16,C
866,5717367,-17,C
867,5717367,-18,C
868,5717367,-19,C
869,5717367,-20,C
870,5717367,-21,C
871,5717367,-22,C
872,5717367,-23,C
873,5717367,-24,C
874,5717367,-25,C
875,5717367,-26,0
876,5717367,-27,0
877,5717367,-28,0
878,5717367,-29,0
879,5717367,-30,0
880,5717367,-31,0
881,5717367,-32,0
882,5717367,-33,0
883,5717367,-34,X
884,5717368,0,C
885,5717368,-1,C
886,5717368,-2,C
887,5717368,-3,C
888,5717368,-4,C
889,5717368,-5,C
890,5717368,-6,C
891,5717368,-7,C
892,5717368,-8,C
893,5717368,-9,C
894,5717368,-10,C
895,5717368,-11,C
896,5717368,-12,C
897,5717368,-13,C
898,5717368,-14,C
899,5717368,-15,C
900,5717368,-16,C
901,5717368,-17,C
902,5717368,-18,0
903,5717368,-19,0
904,5717368,-20,0
905,5717368,-21,0
906,5717368,-22,0
907,5717368,-23,0
908,5717368,-24,0
909,5717368,-25,0
910,5717368,-26,X
911,5717369,0,0
912,5717369,-1,0
913,5717369,-2,0
914,5717369,-3,0
915,5717369,-4,0
916,5717369,-5,0
917,5717369,-6,0
918,5717369,-7,X
919,5717370,-46,C
920,5717370,-47,C
921,5717370,-48,C
922,5717370,-49,C
923,5717370,-50,C
924,5717370,-51,C
925,5717370,-52,C
926,5717370,-53,C
927,5717370,-54,C
928,5717370,-55,C
929,5717370,-56,C
930,5717370,-57,C
931,5717370,-58,X
932,5717370,-59,0
933,5717370,-60,0
934,5717370,-61,0
935,5717370,-62,0
936,5717370,-63,X
937,5717370,-64,0
938,5717370,-65,0
939,5717370,-66,0
940,5717370,-67,0
941,5717370,-68,0
942,5717370,-69,0
943,5717370,-70,0
944,5717370,-71,0
945,5717370,-72,X
946,5717370,-73,X
947,5717371,0,C
948,5717371,-1,C
949,5717371,-2,C
950,5717371,-3,C
951,5717371,-4,C
952,5717371,-5,C
953,5717371,-6,C
954,5717371,-7,C
955,5717371,-8,C
956,5717371,-9,C
957,5717371,-10,C
958,5717371,-11,C
959,5717371,-12,C
960,5717371,-13,C
961,5717371,-14,C
962,5717371,-15,C
963,5717371,-16,C
964,5717371,-17,C
965,5717371,-18,C
966,5717371,-19,C
967,5717371,-20,C
968,5717371,-21,C
969,5717371,-22,C
970,5717371,-23,0
971,5717371,-24,0
972,5717371,-25,0
973,5717371,-26,0
974,5717371,-27,0
975,5717371,-28,0
976,5717371,-29,0
977,5717371,-30,0
978,5717371,-31,0
979,5717371,-32,0
980,5717371,-33,0
981,5717371,-34,0
982,5717371,-35,0
983,5717371,-36,0
984,5717371,-37,0
985,5717371,-38,0
986,5717371,-39,0
987,5717371,-40,0
988,5717371,-41,0
989,5717371,-42,0
990,5717371,-43,0
991,5717371,-44,0
992,5717371,-45,0
993,5717371,-46,0
994,5717371,-47,0
995,5717371,-48,0
996,5717371,-49,0
997,5717371,-50,0
998,5717371,-51,0
999,5717371,-52,0
1000,5717371,-53,0
1001,5717371,-54,0
1002,5717371,-55,0
1003,5717371,-56,0
1004,5717371,-57,0
1005,5717371,-58,0
1006,5717371,-59,0
1007,5717371,-60,X
1008,5717372,0,C
1009,5717372,-1,C
1010,5717372,-2,C
1011,5717372,-3,C
1012,5717372,-4,C
1013,5717372,-5,C
1014,5717372,-6,C
1015,5717372,-7,C
1016,5717372,-8,C
1017,5717372,-9,C
1018,5717372,-10,C
1019,5717372,-11,0
1020,5717372,-12,0
1021,5717372,-13,0
1022,5717372,-14,0
1023,5717372,-15,0
1024,5717372,-16,0
1025,5717372,-17,0
1026,5717372,-18,0
1027,5717372,-19,0
1028,5717372,-20,0
1029,5717372,-21,0
1030,5717372,-22,0
1031,5717372,-23,0
1032,5717372,-24,0
1033,5717372,-25,0
1034,5717372,-26,0
1035,5717401,-83,C
1036,5717401,-84,C
1037,5717401,-85,C
1038,5717401,-86,C
1039,5717401,-87,C
1040,5717401,-88,C
1041,5717401,-89,C
1042,5717401,-90,0
1043,5717401,-91,0
1044,5717401,-92,0
1045,5717401,-93,0
1046,5717401,-94,0
1047,5717401,-95,0
1048,5717402,-77,X
1049,5717402,-78,0
1050,5717402,-79,X
1051,5717402,-80,0
1052,5717402,-81,0
1053,5717402,-82,X
1054,5717402,-83,0
1055,5717402,-84,X
1056,5717403,0,C
1057,5717403,-1,C
1058,5717403,-2,C
1059,5717403,-3,C
1060,5717403,-4,C
1061,5717403,-5,C
1062,5717403,-6,C
1063,5717403,-7,C
1064,5717403,-8,C
1065,5717403,-9,C
1066,5717403,-10,C
1067,5717403,-11,C
1068,5717403,-12,C
1069,5717403,-13,0
1070,5717403,-14,0
1071,5717403,-15,0
1072,5717403,-16,0
1073,5717403,-17,0
1074,5717403,-18,0
1075,5717405,0,C
1076,5717405,-1,C
1077,5717405,-2,C
1078,5717405,-3,C
1079,5717405,-4,C
1080,5717405,-5,C
1081,5717405,-6,C
1082,5717405,-7,C
1083,5717405,-8,C
1084,5717405,-9,C
1085,5717405,-10,C
1086,5717405,-11,C
1087,5717405,-12,C
1088,5717405,-13,C
1089,5717405,-14,C
1090,5717405,-15,C
1091,5717405,-16,C
1092,5717405,-17,C
1093,5717405,-18,C
1094,5717405,-19,C
1095,5717405,-20,C
1096,5717405,-21,C
1097,5717405,-22,C
1098,5717405,-23,C
1099,5717405,-24,C
1100,5717405,-25,C
1101,5717405,-26,C
1102,5717405,-27,C
1103,5717405,-28,C
1104,5717405,-29,C
1105,5717405,-30,C
1106,5717405,-31,C
1107,5717405,-32,C
1108,5717405,-33,C
1109,5717405,-34,C
1110,5717405,-35,C
1111,5717405,-36,C
1112,5717405,-37,0
1113,5717405,-38,0
1114,5717405,-39,0
1115,5717405,-40,0
1116,5717405,-41,0
1117,5717405,-42,0
1118,5717405,-43,0
1119,5717405,-44,X
1120,5717405,-45,X
1121,5717406,0,0
1122,5717406,-1,0
1123,5717406,-2,0
1124,5717406,-3,0
1125,5717406,-4,0
1126,5717406,-5,0
1127,5717406,-6,X
1128,5717407,0,X
1129,5717407,-1,X
1130,5717407,-2,X
1131,5717407,-3,X
1132,5717407,-4,X
1133,5717407,-5,X
1134,5717407,-6,X
1135,5717408,0,C
1136,5717408,-1,C
1137,5717408,-2,C
1138,5717408,-3,C
1139,5717408,-4,C
1140,5717408,-5,C
1141,5717408,-6,C
1142,5717408,-7,C
1143,5717408,-8,C
1144,5717408,-9,C
1145,5717408,-10,C
1146,5717408,-11,C
1147,5717408,-12,C
1148,5717408,-13,C
1149,5717408,-14,C
1150,5717408,-15,C
1151,5717408,-16,C
1152,5717408,-17,C
1153,5717408,-18,C
1154,5717408,-19,C
1155,5717408,-20,C
1156,5717408,-21,C
1157,5717408,-22,C
1158,5717408,-23,C
1159,5717408,-24,C
1160,5717408,-25,C
1161,5717408,-26,C
1162,5717408,-27,C
1163,5717408,-28,C
1164,5717408,-29,C
1165,5717408,-30,C
1166,5717408,-31,C
1167,5717408,-32,C
1168,5717408,-33,C
1169,5717408,-34,C
1170,5717408,-35,C
1171,5717408,-36,C
1172,5717408,-37,C
1173,5717408,-38,C
1174,5717408,-39,C
1175,5717408,-40,C
1176,5717408,-41,C
1177,5717408,-42,C
1178,5717408,-43,C
1179,5717408,-44,C
1180,5717408,-45,C
1181,5717408,-46,C
1182,5717408,-47,C
1183,5717408,-48,C
1184,5717408,-49,C
1185,5717408,-50,C
1186,5717408,-51,C
1187,5717408,-52,C
1188,5717408,-53,C
1189,5717408,-54,C
1190,5717408,-55,C
1191,5717408,-56,C
1192,5717408,-57,C
1193,5717408,-58,C
1194,5717408,-59,C
1195,5717408,-60,C
1196,5717408,-61,C
1197,5717408,-62,C
1198,5717408,-63,C
1199,5717408,-64,C
1200,5717408,-65,C
1201,5717408,-66,C
1202,5717408,-67,C
1203,5717408,-68,C
1204,5717408,-69,C
1205,5717408,-70,C
1206,5717408,-71,C
1207,5717408,-72,C
1208,5717408,-73,C
1209,5717408,-74,C
1210,5717408,-75,0
1211,5717408,-76,0
1212,5717408,-77,0
1213,5717408,-78,0
1214,5717408,-79,0
1215,5717408,-80,0
1216,5717408,-81,0
1217,5717408,-82,0
1218,5717408,-83,0
1219,5717408,-84,0
1220,5717409,-90,X
1221,5717409,-91,0
1222,5717409,-92,X
1223,5717409,-93,0
1224,5717409,-94,0
1225,5717409,-95,X
1226,5717409,-96,0
1227,5717410,0,C
1228,5717410,-1,C
1229,5717410,-2,C
1230,5717410,-3,C
1231,5717410,-4,C
1232,5717410,-5,C
1233,5717410,-6,C
1234,5717410,-7,C
1235,5717410,-8,C
1236,5717410,-9,C
1237,5717410,-10,C
1238,5717410,-11,C
1239,5717410,-12,C
1240,5717410,-13,C
1241,5717410,-14,C
1242,5717410,-15,C
1243,5717410,-16,C
1244,5717410,-17,C
1245,5717410,-18,C
1246,5717410,-19,C
1247,5717410,-20,C
1248,5717410,-21,C
1249,5717410,-22,C
1250,5717410,-23,C
1251,5717410,-24,C
1252,5717410,-25,C
1253,5717410,-26,C
1254,5717410,-27,C
1255,5717410,-28,C
1256,5717410,-29,C
1257,5717410,-30,C
1258,5717410,-31,C
1259,5717410,-32,C
1260,5717410,-33,C
1261,5717410,-34,C
1262,5717410,-35,C
1263,5717410,-36,C
1264,5717410,-37,C
1265,5717410,-38,C
1266,5717410,-39,C
1267,5717410,-40,C
1268,5717410,-41,C
1269,5717410,-42,C
1270,5717410,-43,C
1271,5717410,-44,C
1272,5717410,-45,C
1273,5717410,-46,C
1274,5717410,-47,C
1275,5717410,-48,C
1276,5717410,-49,C
1277,5717410,-50,C
1278,5717410,-51,C
1279,5717410,-52,C
1280,5717410,-53,C
1281,5717410,-54,C
1282,5717410,-55,C
1283,5717410,-56,X
1284,5717410,-57,X
1285,5717410,-58,X
1286,5717410,-59,X
1287,5717410,-60,X
1288,5717410,-61,X
1289,5717410,-62,X
1290,5717410,-63,X
1291,5717410,-64,X
1292,5717410,-65,X
1293,5717410,-66,X
1294,5717410,-67,X
1295,5717410,-68,X
1296,5717410,-69,X
1297,5717410,-70,X
1298,5717410,-71,X
1299,5717410,-72,X
1300,5717410,-73,X
1301,5717410,-74,X
1302,5717410,-75,X
1303,5718466,0,X
1304,5718466,-1,X
1305,5718466,-2,X
1306,5718466,-3,X
1307,5718466,-4,0
1308,5718466,-5,X
1309,5718466,-6,0
1310,5718466,-7,0
1311,5718466,-8,X
1312,5718466,-9,0
1313,5718466,-10,X
1314,5718466,-11,0
1315,5718466,-12,X
1316,5718466,-13,0
1317,5718466,-14,X
1318,5718466,-15,0
1319,5718466,-16,X
1320,5718466,-17,0
1321,5718466,-18,0
1322,5718466,-19,0
1323,5718466,-20,X
1324,5718466,-21,0
1325,5718466,-22,0
1326,5718466,-23,0
1327,5718466,-24,X
1328,5718466,-25,0
1329,5718466,-26,0
1330,5718466,-27,X
1331,5718466,-28,X
1332,5718466,-29,X
1333,5718466,-30,X
1334,5718466,-31,X
1335,5718466,-32,X
1336,5718467,0,0
1337,5718467,-1,0
1338,5718467,-2,0
1339,5718467,-3,0
1340,5718467,-4,0
1341,5718467,-5,0
1342,5718467,-6,0
1343,5718467,-7,0
1344,5718467,-8,0
1345,5718467,-9,0
1346,5718467,-10,0
1347,5718467,-11,0
1348,5718492,0,X
1349,5718492,-1,X
1350,5718492,-2,X
1351,5718492,-3,X
1352,5718492,-4,X
1353,5718492,-5,X
1354,5718492,-6,X
1355,5718492,-7,X
1356,5718492,-8,X
1357,5718492,-9,X
1358,5718492,-10,X
1359,5718492,-11,X
1360,5718492,-12,X
1361,5718492,-13,X
1362,5718492,-14,X
1363,5718492,-15,X
1364,5718492,-16,X
1365,5718492,-17,X
1366,5718492,-18,X
1367,5718492,-19,X
1368,5718493,0,X
1369,5718493,-1,X
1370,5718493,-2,X
1371,5718493,-3,X
1372,5718493,-4,X
1373,5718493,-5,X
1374,5718493,-6,X
1375,5718493,-7,X
1376,5718493,-8,X
1377,5718493,-9,X
1378,5718493,-10,X
1379,5718493,-11,X
1380,5718493,-12,X
1381,5718493,-13,X
1382,5718493,-14,X
1383,5718493,-15,X
1384,5718493,-16,X
1385,5718493,-17,X
1386,5718493,-18,X
1387,5718493,-19,X
1388,5718493,-20,X
1389,5718493,-21,X
1390,5718493,-22,X
1391,5718494,0,X
1392,5718494,-1,X
1393,5718494,-2,X
1394,5718494,-3,X
1395,5718494,-4,X
1396,5718494,-5,X
1397,5718494,-6,X
1398,5718494,-7,X
1399,5718494,-8,X
1400,5718494,-9,X
1401,5718494,-10,X
1402,5718494,-11,X
1403,5718494,-12,X
1404,5718494,-13,X
1405,5718494,-14,X
1406,5718494,-15,X
1407,5718494,-16,X
1408,5718494,-17,X
1409,5718494,-18,X
1410,5718494,-19,X
1411,5718494,-20,X
1412,5718494,-21,X
1413,5718494,-22,X
1414,5718494,-23,X
1415,5718494,-24,X
1416,5718494,-25,X
1417,5718494,-26,X
1418,5718494,-27,X
1419,5718494,-28,X
1420,5718494,-29,X
1421,5718494,-30,X
1422,5718494,-31,X
1423,5718495,0,X
1424,5718495,-1,X
1425,5718495,-2,X
1426,5718495,-3,X
1427,5718495,-4,X
1428,5718495,-5,X
1429,5718495,-6,X
1430,5718495,-7,X
1431,5718495,-8,X
1432,5718495,-9,X
1433,5718495,-10,X
1434,5718495,-11,X
1435,5718495,-12,X
1436,5718495,-13,X
1437,5718495,-14,X
1438,5718495,-15,X
1439,5718495,-16,X
1440,5718495,-17,X
1441,5718495,-18,X
1442,5718495,-19,X
1443,5718495,-20,X
1444,5718495,-21,X
1445,5718495,-22,X
1446,5718495,-23,X
1447,5718495,-24,X
1448,5718495,-25,X
1449,5718495,-26,X
1450,5718495,-27,X
1451,5718495,-28,X
1452,5718495,-29,X
1453,5718495,-30,X
1454,5718495,-31,X
1455,5718495,-32,X
1456,5718495,-33,X
1457,5718495,-34,X
1458,5718495,-35,X
1459,5718496,0,X
1460,5718496,-1,X
1461,5718496,-2,X
1462,5718496,-3,X
1463,5718496,-4,X
1464,5718496,-5,X
1465,5718496,-6,X
1466,5718496,-7,X
1467,5718496,-8,X
1468,5718496,-9,X
1469,5718496,-10,X
1470,5718496,-11,X
1471,5718496,-12,X
1472,5718496,-13,X
1473,5718496,-14,X
1474,5718496,-15,X
1475,5718496,-16,X
1476,5718496,-17,X
1477,5718496,-18,X
1478,5718496,-19,X
1479,5718496,-20,X
1480,5718496,-21,X
1481,5718496,-22,X
1482,5718496,-23,X
1483,5718496,-24,X
1484,5718496,-25,X
1485,5718496,-26,X
1486,5718496,-27,X
1487,5718496,-28,X
1488,5718496,-29,X
1489,5718496,-30,X
1490,5718496,-31,X
1491,5718496,-32,X
1492,5718496,-33,X
1493,5718496,-34,X
1494,5718496,-35,X
1495,5718497,0,X
1496,5718497,-1,X
1497,5718497,-2,X
1498,5718497,-3,X
1499,5718497,-4,X
1500,5718497,-5,X
1501,5718497,-6,X
1502,5718497,-7,X
1503,5718497,-8,X
1504,5718497,-9,X
1505,5718497,-10,X
1506,5718497,-11,X
1507,5718497,-12,X
1508,5718497,-13,X
1509,5718497,-14,X
1510,5718497,-15,X
1511,5718497,-16,X
1512,5718497,-17,X
1513,5718497,-18,X
1514,5718497,-19,X
1515,5718497,-20,X
1516,5718497,-21,X
1517,5718497,-22,X
1518,5718497,-23,X
1519,5718497,-24,X
1520,5718497,-25,X
1521,5718497,-26,X
1522,5718497,-27,X
1523,5718497,-28,X
1524,5718497,-29,X
1525,5718497,-30,X
1526,5718497,-31,X
1527,5718497,-32,X
1528,5718497,-33,X
1529,5718497,-34,X
1530,5718497,-35,X
1531,5718497,-36,X
1532,5718497,-37,X
1533,5718497,-38,X
1534,5718497,-39,X
1535,5718497,-40,X
1536,5718497,-41,X
1537,5718497,-42,X
1538,5718497,-43,X
1539,5718497,-44,X
1540,5718497,-45,X
1541,5718497,-46,X
1542,5718497,-47,X
1543,5718497,-48,X
1544,5718497,-49,X
1545,5718497,-50,X
1546,5718497,-51,X
1547,5718497,-52,X
1548,5718497,-53,X
1549,5718497,-54,X
1550,5718497,-55,X
1551,5718497,-56,X
1552,5718497,-57,X
1553,5718497,-58,X
1554,5718497,-59,X
1555,5718497,-60,X
1556,5718497,-61,X
1557,5718497,-62,X
1558,5718497,-63,X
1559,5718497,-64,X
1560,5718497,-65,X
1561,5718497,-66,X
1562,5718497,-67,X
1563,5718497,-68,X
1564,5718497,-69,X
1565,5718497,-70,X
1566,5718497,-71,X
1567,5718497,-72,X
1568,5718497,-73,X
1569,5718497,-74,X
1570,5718497,-75,X
1571,5718497,-76,X
1572,5718497,-77,X
1573,5718497,-78,X
1574,5718497,-79,X
1575,5718497,-80,X
1576,5718497,-81,X
1577,5718497,-82,X
1578,5718497,-83,X
1579,5718498,0,C
1580,5718498,-1,C
1581,5718498,-2,C
1582,5718498,-3,C
1583,5718498,-4,C
1584,5718498,-5,C
1585,5718498,-6,C
1586,5718498,-7,C
1587,5718498,-8,X
1588,5718498,-9,0
1589,5718498,-10,0
1590,5718498,-11,0
1591,5718498,-12,0
1592,5718498,-13,X
1593,5718498,-14,X
1594,5718498,-15,X
1595,5718498,-16,X
1596,5718498,-17,X
1597,5718498,-18,0
1598,5718498,-19,0
1599,5718498,-20,0
1600,5718498,-21,0
1601,5718498,-22,0
1602,5718498,-23,0
1603,5718498,-24,0
1604,5718498,-25,0
1605,5718498,-26,0
1606,5718499,0,C
1607,5718499,-1,C
1608,5718499,-2,C
1609,5718499,-3,C
1610,5718499,-4,C
1611,5718499,-5,C
1612,5718499,-6,C
1613,5718499,-7,C
1614,5718499,-8,C
1615,5718499,-9,C
1616,5718499,-10,0
1617,5718499,-11,0
1618,5718499,-12,0
1619,5718499,-13,0
1620,5718499,-14,0
1621,5718499,-15,0
1622,5718499,-16,0
1623,5718499,-17,0
1624,5718499,-18,0
1625,5718499,-19,0
1626,5718499,-20,0
1627,5718499,-21,0
1628,5718499,-22,0
1629,5718499,-23,0
1630,5718499,-24,X
1631,5718499,-25,X
1632,5718499,-26,X
1633,5718500,0,X
1634,5718500,-1,X
1635,5718500,-2,X
1636,5718500,-3,X
1637,5718500,-4,X
1638,5718500,-5,X
1639,5718500,-6,X
1640,5718500,-7,0
1641,5718500,-8,0
1642,5718500,-9,0
1643,5718500,-10,X
1644,5718501,0,X
1645,5718501,-1,X
1646,5718501,-2,X
1647,5718501,-3,X
1648,5718501,-4,X
1649,5718501,-5,X
1650,5718501,-6,X
1651,5718501,-7,X
1652,5718501,-8,X
1653,5718501,-9,X
1654,5718501,-10,X
1655,5718501,-11,X
1656,5718501,-12,X
1657,5718501,-13,X
1658,5718501,-14,X
1659,5718501,-15,X
1660,5718501,-16,X
1661,5718501,-17,X
1662,5718501,-18,X
1663,5718501,-19,X
1664,5718501,-20,X
1665,5718501,-21,X
1666,5718501,-22,X
1667,5718502,0,X
1668,5718502,-1,X
1669,5718502,-2,X
1670,5718502,-3,X
1671,5718502,-4,X
1672,5718502,-5,X
1673,5718502,-6,X
1674,5718502,-7,X
1675,5718502,-8,X
1676,5718502,-9,X
1677,5718502,-10,X
1678,5718502,-11,X
1679,5718502,-12,X
1680,5718502,-13,X
1681,5718502,-14,X
1682,5718502,-15,X
1683,5718502,-16,X
1684,5718502,-17,X
1685,5718502,-18,X
1686,5718502,-19,X
1687,5718502,-20,X
1688,5718502,-21,X
1689,5718502,-22,X
1690,5718502,-23,X
1691,5718502,-24,X
1692,5718502,-25,X
1693,5718502,-26,X
1694,5718502,-27,X
1695,5718502,-28,X
1696,5718503,0,C
1697,5718503,-1,C
1698,5718503,-2,C
1699,5718503,-3,C
1700,5718503,-4,C
1701,5718503,-5,C
1702,5718503,-6,C
1703,5718503,-7,C
1704,5718503,-8,C
1705,5718503,-9,C
1706,5718503,-10,C
1707,5718503,-11,C
1708,5718503,-12,C
1709,5718503,-13,C
1710,5718503,-14,C
1711,5718503,-15,C
1712,5718503,-16,C
1713,5718503,-17,C
1714,5718503,-18,C
1715,5718503,-19,C
1716,5718503,-20,C
1717,5718503,-21,C
1718,5718503,-22,C
1719,5718503,-23,C
1720,5718503,-24,C
1721,5718503,-25,C
1722,5718503,-26,C
1723,5718503,-27,C
1724,5718503,-28,C
1725,5718503,-29,C
1726,5718503,-30,C
1727,5718503,-31,C
1728,5718503,-32,C
1729,5718503,-33,C
1730,5718503,-34,C
1731,5718503,-35,C
1732,5718503,-36,C
1733,5718503,-37,C
1734,5718503,-38,C
1735,5718503,-39,C
1736,5718503,-40,C
1737,5718503,-41,C
1738,5718503,-42,C
1739,5718503,-43,C
1740,5718503,-44,C
1741,5718503,-45,C
1742,5718503,-46,C
1743,5718503,-47,C
1744,5718503,-48,C
1745,5718503,-49,C
1746,5718503,-50,C
1747,5718503,-51,C
1748,5718503,-52,C
1749,5718503,-53,C
1750,5718503,-54,0
1751,5718503,-55,0
1752,5718503,-56,0
1753,5718503,-57,0
1754,5718503,-58,0
1755,5718503,-59,0
1756,5718506,0,C
1757,5718506,-1,C
1758,5718506,-2,C
1759,5718506,-3,C
1760,5718506,-4,C
1761,5718506,-5,C
1762,5718506,-6,C
1763,5718506,-7,C
1764,5718506,-8,C
1765,5718506,-9,C
1766,5718506,-10,C
1767,5718506,-11,C
1768,5718506,-12,C
1769,5718506,-13,C
1770,5718506,-14,C
1771,5718506,-15,C
1772,5718506,-16,C
1773,5718506,-17,C
1774,5718506,-18,C
1775,5718506,-19,C
1776,5718506,-20,C
1777,5718506,-21,C
1778,5718506,-22,C
1779,5718506,-23,C
1780,5718506,-24,C
1781,5718506,-25,C
1782,5718506,-26,C
1783,5718506,-27,C
1784,5718506,-28,C
1785,5718506,-29,C
1786,5718506,-30,C
1787,5718506,-31,C
1788,5718506,-32,C
1789,5718506,-33,C
1790,5718506,-34,C
1791,5718506,-35,C
1792,5718506,-36,C
1793,5718506,-37,C
1794,5718506,-38,C
1795,5718506,-39,C
1796,5718506,-40,C
1797,5718506,-41,C
1798,5718506,-42,C
1799,5718506,-43,C
1800,5718506,-44,C
1801,5718506,-45,C
1802,5718506,-46,C
1803,5718506,-47,C
1804,5718506,-48,C
1805,5718506,-49,C
1806,5718506,-50,C
1807,5718506,-51,C
1808,5718506,-52,C
1809,5718506,-53,C
1810,5718506,-54,C
1811,5718506,-55,C
1812,5718506,-56,C
1813,5718506,-57,C
1814,5718506,-58,C
1815,5718506,-59,C
1816,5718506,-60,C
1817,5718506,-61,C
1818,5718506,-62,C
1819,5718506,-63,C
1820,5718506,-64,C
1821,5718506,-65,C
1822,5718506,-66,C
1823,5718506,-67,C
1824,5718506,-68,C
1825,5718506,-69,0
1826,5718506,-70,0
1827,5718506,-71,0
1828,5718506,-72,0
1829,5718506,-73,0
1830,5718506,-74,0
1831,5718507,0,0
1832,5718507,-1,0
1833,5718507,-2,0
1834,5718507,-3,X
1835,5718507,-4,X
1836,5718507,-5,X
1837,5718507,-6,0
1838,5718507,-7,0
1839,5718507,-8,0
1840,5718507,-9,X
1841,5718507,-10,X
1842,5718507,-11,X
1843,5718507,-12,X
1844,5718507,-13,X
1845,5718507,-14,X
1846,5718507,-15,X
1847,5718507,-16,X
1848,5718508,0,C
1849,5718508,-1,C
1850,5718508,-2,C
1851,5718508,-3,C
1852,5718508,-4,C
1853,5718508,-5,C
1854,5718508,-6,C
1855,5718508,-7,C
1856,5718508,-8,C
1857,5718508,-9,C
1858,5718508,-10,C
1859,5718508,-11,C
1860,5718508,-12,C
1861,5718508,-13,C
1862,5718508,-14,C
1863,5718508,-15,X
1864,5718508,-16,0
1865,5718508,-17,0
1866,5718508,-18,0
1867,5718508,-19,X
1868,5718509,0,C
1869,5718509,-1,C
1870,5718509,-2,C
1871,5718509,-3,C
1872,5718509,-4,C
1873,5718509,-5,C
1874,5718509,-6,C
1875,5718509,-7,C
1876,5718509,-8,C
1877,5718509,-9,C
1878,5718509,-10,C
1879,5718509,-11,C
1880,5718509,-12,C
1881,5718509,-13,C
1882,5718509,-14,C
1883,5718509,-15,C
1884,5718509,-16,C
1885,5718509,-17,C
1886,5718509,-18,1
1887,5718509,-19,X
1888,5718509,-20,0
1889,5718509,-21,0
1890,5718509,-22,0
1891,5718509,-23,X
1892,5718509,-24,0
1893,5718509,-25,X
1894,5718509,-26,0
1895,5718509,-27,X
1896,5718509,-28,X
1897,5718509,-29,X
1898,5718510,0,C
1899,5718510,-1,C
1900,5718510,-2,C
1901,5718510,-3,C
1902,5718510,-4,C
1903,5718510,-5,C
1904,5718510,-6,C
1905,5718510,-7,C
1906,5718510,-8,C
1907,5718510,-9,C
1908,5718510,-10,C
1909,5718510,-11,C
1910,5718510,-12,C
1911,5718510,-13,C
1912,5718510,-14,C
1913,5718510,-15,X
1914,5718510,-16,0
1915,5718510,-17,0
1916,5718510,-18,0
1917,5718510,-19,X
1918,5718510,-20,0
1919,5718510,-21,1
1920,5718510,-22,0
1921,5718510,-23,X
1922,5718510,-24,0
1923,5718510,-25,X
1924,5718510,-26,0
1925,5718510,-27,X
1926,5718510,-28,X
1927,5718510,-29,X
1928,5718510,-30,1
1929,5718510,-31,X
1930,5718510,-32,0
1931,5718510,-33,X
1932,5718510,-34,0
1933,5718510,-35,0
1934,5718510,-36,0
1935,5718510,-37,X
1936,5718511,0,C
1937,5718511,-1,C
1938,5718511,-2,C
1939,5718511,-3,C
1940,5718511,-4,C
1941,5718511,-5,C
1942,5718511,-6,C
1943,5718511,-7,C
1944,5718511,-8,C
1945,5718511,-9,C
1946,5718511,-10,C
1947,5718511,-11,C
1948,5718511,-12,C
1949,5718511,-13,C
1950,5718511,-14,C
1951,5718511,-15,C
1952,5718511,-16,C
1953,5718511,-17,C
1954,5718511,-18,C
1955,5718511,-19,C
1956,5718511,-20,C
1957,5718511,-21,C
1958,5718511,-22,C
1959,5718511,-23,C
1960,5718511,-24,C
1961,5718511,-25,C
1962,5718511,-26,C
1963,5718511,-27,C
1964,5718511,-28,C
1965,5718511,-29,C
1966,5718511,-30,C
1967,5718511,-31,C
1968,5718511,-32,C
1969,5718511,-33,C
1970,5718511,-34,0
1971,5718511,-35,0
1972,5718511,-36,X
1973,5718511,-37,0
1974,5718511,-38,0
1975,5718511,-39,0
1976,5718511,-40,0
1977,5718511,-41,0
1978,5718511,-42,0
1979,5718512,0,1
1980,5718512,-1,0
1981,5718512,-2,0
1982,5718512,-3,0
1983,5718512,-4,0
1984,5718512,-5,X
1985,5718512,-6,0
1986,5718512,-7,0
1987,5718512,-8,X
1988,5718512,-9,0
1989,5718512,-10,X
1990,5718512,-11,X
1991,5718512,-12,0
1992,5718512,-13,X
1993,5718512,-14,0
1994,5718512,-15,X
1995,5718512,-16,0
1996,5718512,-17,0
1997,5718512,-18,0
1998,5718512,-19,X
1999,5718512,-20,0
2000,5718512,-21,0
2001,5718512,-22,1
2002,5718512,-23,X
2003,5718512,-24,0
2004,5718512,-25,X
2005,5718512,-26,0
2006,5718512,-27,X
2007,5718512,-28,X
2008,5718512,-29,X
2009,5718512,-30,0
2010,5718512,-31,X
2011,5718512,-32,X
2012,5718512,-33,X
2013,5718512,-34,0
2014,5718512,-35,0
2015,5718512,-36,0
2016,5718512,-37,X
2017,5718512,-38,0
2018,5718512,-39,X
2019,5718512,-40,0
2020,5718512,-41,X
2021,5718512,-42,0
2022,5718512,-43,X
2023,5718512,-44,X
2024,5718512,-45,0
2025,5718512,-46,0
2026,5718512,-47,X
2027,5718512,-48,0
2028,5718512,-49,X
2029,5718512,-50,0
2030,5718512,-51,0
2031,5718512,-52,X
2032,5718512,-53,X
2033,5718512,-54,X
2034,5718512,-55,X
2035,5718512,-56,X
2036,5718512,-57,X
2037,5718512,-58,X
2038,5718512,-59,X
2039,5718512,-60,X
2040,5718512,-61,X
2041,5718513,0,C
2042,5718513,-1,C
2043,5718513,-2,C
2044,5718513,-3,C
2045,5718513,-4,C
2046,5718513,-5,C
2047,5718513,-6,C
2048,5718513,-7,C
2049,5718513,-8,C
2050,5718513,-9,C
2051,5718513,-10,C
2052,5718513,-11,C
2053,5718513,-12,C
2054,5718513,-13,C
2055,5718513,-14,C
2056,5718513,-15,C
2057,5718513,-16,C
2058,5718513,-17,C
2059,5718513,-18,C
2060,5718513,-19,C
2061,5718513,-20,C
2062,5718513,-21,C
2063,5718513,-22,C
2064,5718513,-23,C
2065,5718513,-24,C
2066,5718513,-25,C
2067,5718513,-26,C
2068,5718513,-27,C
2069,5718513,-28,C
2070,5718513,-29,C
2071,5718513,-30,C
2072,5718513,-31,C
2073,5718513,-32,C
2074,5718513,-33,C
2075,5718513,-34,C
2076,5718513,-35,C
2077,5718513,-36,C
2078,5718513,-37,C
2079,5718513,-38,C
2080,5718513,-39,C
2081,5718513,-40,C
2082,5718513,-41,C
2083,5718513,-42,C
2084,5718513,-43,C
2085,5718513,-44,C
2086,5718513,-45,C
2087,5718513,-46,C
2088,5718513,-47,C
2089,5718513,-48,C
2090,5718513,-49,C
2091,5718513,-50,C
2092,5718513,-51,C
2093,5718513,-52,C
2094,5718513,-53,C
2095,5718513,-54,0
2096,5718513,-55,0
2097,5718513,-56,0
2098,5718513,-57,0
2099,5718513,-58,0
2100,5718513,-59,X
2101,5718514,0,C
2102,5718514,-1,C
2103,5718514,-2,C
2104,5718514,-3,C
2105,5718514,-4,C
2106,5718514,-5,C
2107,5718514,-6,C
2108,5718514,-7,C
2109,5718514,-8,C
2110,5718514,-9,C
2111,5718514,-10,C
2112,5718514,-11,C
2113,5718514,-12,C
2114,5718514,-13,C
2115,5718514,-14,C
2116,5718514,-15,C
2117,5718514,-16,C
2118,5718514,-17,C
2119,5718514,-18,C
2120,5718514,-19,C
2121,5718514,-20,C
2122,5718514,-21,C
2123,5718514,-22,C
2124,5718514,-23,C
2125,5718514,-24,C
2126,5718514,-25,C
2127,5718514,-26,C
2128,5718514,-27,C
2129,5718514,-28,C
2130,5718514,-29,C
2131,5718514,-30,C
2132,5718514,-31,C
2133,5718514,-32,0
2134,5718514,-33,0
2135,5718514,-34,0
2136,5718514,-35,0
2137,5718514,-36,0
2138,5718514,-37,0
2139,5718514,-38,0
2140,5718514,-39,0
2141,5718514,-40,0
2142,5718514,-41,0
2143,5718514,-42,X
2144,5718515,0,C
2145,5718515,-1,C
2146,5718515,-2,C
2147,5718515,-3,C
2148,5718515,-4,C
2149,5718515,-5,C
2150,5718515,-6,C
2151,5718515,-7,C
2152,5718515,-8,C
2153,5718515,-9,C
2154,5718515,-10,C
2155,5718515,-11,C
2156,5718515,-12,C
2157,5718515,-13,C
2158,5718515,-14,C
2159,5718515,-15,C
2160,5718515,-16,C
2161,5718515,-17,C
2162,5718515,-18,C
2163,5718515,-19,C
2164,5718515,-20,C
2165,5718515,-21,C
2166,5718515,-22,C
2167,5718515,-23,C
2168,5718515,-24,C
2169,5718515,-25,C
2170,5718515,-26,C
2171,5718515,-27,C
2172,5718515,-28,C
2173,5718515,-29,C
2174,5718515,-30,C
2175,5718515,-31,0
2176,5718515,-32,0
2177,5718515,-33,0
2178,5718515,-34,X
2179,5718516,0,0
2180,5718516,-1,0
2181,5718516,-2,X
2182,5718516,-3,X
2183,5718516,-4,X
2184,5718516,-5,X
2185,5718516,-6,X
2186,5718516,-7,X
2187,5718516,-8,X
2188,5718516,-9,X
2189,5718516,-10,X
2190,5718516,-11,X
2191,5718516,-12,X
2192,5718516,-13,X
2193,5718516,-14,X
2194,5718517,0,X
2195,5718517,-1,0
2196,5718517,-2,0
2197,5718517,-3,X
2198,5718517,-4,0
2199,5718517,-5,0
2200,5718517,-6,0
2201,5718517,-7,X
2202,5718517,-8,0
2203,5718517,-9,0
2204,5718517,-10,0
2205,5718517,-11,0
2206,5718517,-12,0
2207,5718517,-13,X
2208,5718517,-14,X
2209,5718518,0,C
2210,5718518,-1,C
2211,5718518,-2,C
2212,5718518,-3,C
2213,5718518,-4,C
2214,5718518,-5,C
2215,5718518,-6,C
2216,5718518,-7,C
2217,5718518,-8,C
2218,5718518,-9,C
2219,5718518,-10,C
2220,5718518,-11,C
2221,5718518,-12,C
2222,5718518,-13,C
2223,5718518,-14,C
2224,5718518,-15,C
2225,5718518,-16,C
2226,5718518,-17,C
2227,5718518,-18,C
2228,5718518,-19,C
2229,5718518,-20,C
2230,5718518,-21,C
2231,5718518,-22,C
2232,5718518,-23,C
2233,5718518,-24,C
2234,5718518,-25,C
2235,5718518,-26,C
2236,5718518,-27,C
2237,5718518,-28,C
2238,5718518,-29,C
2239,5718518,-30,C
2240,5718518,-31,C
2241,5718518,-32,C
2242,5718518,-33,C
2243,5718518,-34,C
2244,5718518,-35,C
2245,5718518,-36,C
2246,5718518,-37,C
2247,5718518,-38,C
2248,5718518,-39,C
2249,5718518,-40,C
2250,5718518,-41,C
2251,5718518,-42,C
2252,5718518,-43,C
2253,5718518,-44,C
2254,5718518,-45,C
2255,5718518,-46,C
2256,5718518,-47,C
2257,5718518,-48,C
2258,5718518,-49,C
2259,5718518,-50,C
2260,5718518,-51,C
2261,5718518,-52,C
2262,5718518,-53,C
2263,5718518,-54,X
2264,5718518,-55,X
2265,5718518,-56,X
2266,5718518,-57,X
2267,5718518,-58,X
2268,5718518,-59,X
2269,5718518,-60,X
2270,5718518,-61,X
2271,5718518,-62,X
2272,5718518,-63,X
2273,5718518,-64,X
2274,5718518,-65,X
2275,5718518,-66,X
2276,5718518,-67,X
2277,5718518,-68,X
2278,5718518,-69,X
2279,5718518,-70,X
2280,5718518,-71,X
2281,5718518,-72,X
2282,5718518,-73,X
2283,5718518,-74,X
2284,5718518,-75,X
2285,5718518,-76,X
2286,5718518,-77,X
2287,5718518,-78,X
2288,5718518,-79,X
2289,5718724,0,0
2290,5718724,-1,0
2291,5718724,-2,0
2292,5718724,-3,0
2293,5718725,0,C
2294,5718725,-1,C
2295,5718725,-2,C
2296,5718725,-3,C
2297,5718725,-4,C
2298,5718725,-5,0
2299,5718725,-6,0
2300,5718725,-7,0
2301,5718725,-8,0
2302,5718725,-9,0
2303,5718725,-10,0
2304,5718725,-11,0
2305,5718725,-12,0
2306,5718725,-13,0
2307,5718725,-14,0
2308,5718725,-15,0
2309,5718727,-2,C
2310,5718727,-3,C
2311,5718727,-4,C
2312,5718727,-5,C
2313,5718727,-6,C
2314,5718727,-7,C
2315,5718727,-8,C
2316,5718727,-9,C
2317,5718727,-10,C
2318,5718727,-11,C
2319,5718727,-12,C
2320,5718727,-13,C
2321,5718727,-14,C
2322,5718727,-15,C
2323,5718727,-16,C
2324,5718727,-17,C
2325,5718727,-18,C
2326,5718727,-19,C
2327,5718727,-20,C
2328,5718727,-21,C
2329,5718727,-22,C
2330,5718727,-23,C
2331,5718727,-24,C
2332,5718727,-25,C
2333,5718727,-26,C
2334,5718727,-27,C
2335,5718727,-28,C
2336,5718727,-29,C
2337,5718727,-30,C
2338,5718727,-31,C
2339,5718727,-32,C
2340,5718727,-33,C
2341,5718727,-34,C
2342,5718727,-35,C
2343,5718727,-36,C
2344,5718727,-37,C
2345,5718727,-38,C
2346,5718727,-39,C
2347,5718727,-40,C
2348,5718727,-41,C
2349,5718727,-42,C
2350,5718727,-43,C
2351,5718727,-44,C
2352,5718727,-45,C
2353,5718727,-46,C
2354,5718727,-47,C
2355,5718727,-48,C
2356,5718727,-49,C
2357,5718727,-50,C
2358,5718727,-51,C
2359,5718727,-52,C
2360,5718727,-53,C
2361,5718727,-54,C
2362,5718727,-55,C
2363,5718727,-56,C
2364,5718727,-57,C
2365,5718727,-58,C
2366,5718727,-59,C
2367,5718727,-60,C
2368,5718727,-61,C
2369,5718727,-62,C
2370,5718727,-63,C
2371,5718727,-64,C
2372,5718727,-65,C
2373,5718727,-66,C
2374,5718727,-67,C
2375,5718727,-68,C
2376,5718727,-69,C
2377,5718727,-70,C
2378,5718727,-71,C
2379,5718727,-72,C
2380,5718727,-73,C
2381,5718727,-74,C
2382,5718727,-75,C
2383,5718727,-76,C
2384,5718727,-77,C
2385,5718727,-78,C
2386,5718727,-79,C
2387,5718727,-80,C
2388,5718727,-81,C
2389,5718727,-82,C
2390,5718727,-83,C
2391,5718727,-84,C
2392,5718727,-85,C
2393,5718727,-86,C
2394,5718727,-87,C
2395,5718727,-88,C
2396,5718727,-89,C
2397,5718727,-90,X
2398,5718727,-91,X
2399,5718727,-92,X
2400,5718727,-93,X
2401,5718727,-94,X
2402,5718727,-95,X
2403,5718727,-96,X
2404,5718761,0,C
2405,5718761,-1,C
2406,5718761,-2,C
2407,5718761,-3,C
2408,5718761,-4,C
2409,5718761,-5,C
2410,5718761,-6,C
2411,5718761,-7,C
2412,5718761,-8,C
2413,5718761,-9,C
2414,5718761,-10,C
2415,5718761,-11,C
2416,5718761,-12,C
2417,5718761,-13,C
2418,5718761,-14,C
2419,5718761,-15,C
2420,5718761,-16,C
2421,5718761,-17,C
2422,5718761,-18,C
2423,5718761,-19,1
2424,5718761,-20,0
2425,5718762,0,C
2426,5718762,-1,C
2427,5718762,-2,C
2428,5718762,-3,C
2429,5718762,-4,C
2430,5718762,-5,C
2431,5718762,-6,C
2432,5718762,-7,C
2433,5718762,-8,C
2434,5718762,-9,C
2435,5718762,-10,C
2436,5718762,-11,0
2437,5718762,-12,X
2438,5718762,-13,0
2439,5718762,-14,X
2440,5718762,-15,0
2441,5718762,-16,0
2442,5718762,-17,X
2443,5718762,-18,0
2444,5718762,-19,0
2445,5718762,-20,X
2446,5718762,-21,X
2447,5718762,-22,0
2448,5718762,-23,X
2449,5718762,-24,X
2450,5718762,-25,X
2451,5718762,-26,0
2452,5718762,-27,X
2453,5718762,-28,X
2454,5718762,-29,X
2455,5718762,-30,0
2456,5718762,-31,1
2457,5718762,-32,X
2458,5718762,-33,0
2459,5718762,-34,0
2460,5718762,-35,X
2461,5718763,0,X
2462,5718763,-1,X
2463,5718763,-2,X
2464,5718763,-3,X
2465,5718763,-4,0
2466,5718763,-5,X
2467,5718763,-6,0
2468,5718763,-7,0
2469,5718763,-8,X
2470,5718763,-9,X
2471,5718763,-10,0
2472,5718764,0,C
2473,5718764,-1,C
2474,5718764,-2,C
2475,5718764,-3,C
2476,5718764,-4,C
2477,5718764,-5,C
2478,5718764,-6,C
2479,5718764,-7,C
2480,5718764,-8,C
2481,5718764,-9,C
2482,5718764,-10,C
2483,5718764,-11,C
2484,5718764,-12,C
2485,5718764,-13,C
2486,5718764,-14,C
2487,5718764,-15,C
2488,5718764,-16,C
2489,5718764,-17,C
2490,5718764,-18,C
2491,5718764,-19,C
2492,5718764,-20,C
2493,5718764,-21,C
2494,5718764,-22,C
2495,5718764,-23,C
2496,5718764,-24,C
2497,5718764,-25,C
2498,5718764,-26,C
2499,5718764,-27,C
2500,5718764,-28,C
2501,5718764,-29,C
2502,5718764,-30,C
2503,5718764,-31,C
2504,5718764,-32,0
2505,5718865,0,X
2506,5718865,-1,0
2507,5718865,-2,0
2508,5718865,-3,0
2509,5718865,-4,0
2510,5718865,-5,0
2511,5718865,-6,0
2512,5718865,-7,0
2513,5718865,-8,0
2514,5718865,-9,0
2515,5718865,-10,0
2516,5718865,-11,0
2517,5718865,-12,0
2518,5718865,-13,0
2519,5718865,-14,0
2520,5718865,-15,0
2521,5718865,-16,0
2522,5718865,-17,0
2523,5718865,-18,0
2524,5718865,-19,0
2525,5718865,-20,0
2526,5718865,-21,0
2527,5718865,-22,0
2528,5718865,-23,0
2529,5718865,-24,0
2530,5718865,-25,0
2531,5718865,-26,0
2532,5718865,-27,0
2533,5718865,-28,0
2534,5718865,-29,0
2535,5718865,-30,0
2536,5718894,0,C
2537,5718894,-1,C
2538,5718894,-2,C
2539,5718894,-3,C
2540,5718894,-4,C
2541,5718894,-5,C
2542,5718894,-6,C
2543,5718894,-7,C
2544,5718894,-8,C
2545,5718894,-9,C
2546,5718894,-10,C
2547,5718894,-11,C
2548,5718894,-12,C
2549,5718894,-13,C
2550,5718894,-14,C
2551,5718894,-15,C
2552,5718894,-16,C
2553,5718894,-17,C
2554,5718894,-18,C
2555,5718894,-19,C
2556,5718894,-20,C
2557,5718894,-21,C
2558,5718894,-22,C
2559,5718894,-23,C
2560,5718894,-24,C
2561,5718894,-25,C
2562,5718894,-26,C
2563,5718894,-27,C
2564,5718894,-28,C
2565,5718894,-29,C
2566,5718894,-30,C
2567,5718894,-31,C
2568,5718894,-32,C
2569,5718894,-33,C
2570,5718894,-34,C
2571,5718894,-35,C
2572,5718894,-36,C
2573,5718894,-37,C
2574,5718894,-38,C
2575,5718894,-39,C
2576,5718894,-40,C
2577,5718894,-41,C
2578,5718894,-42,C
2579,5718894,-43,C
2580,5718894,-44,C
2581,5718894,-45,C
2582,5718894,-46,C
2583,5718894,-47,C
2584,5718894,-48,C
2585,5718894,-49,C
2586,5718894,-50,C
2587,5718894,-51,C
2588,5718894,-52,C
2589,5718894,-53,C
2590,5718894,-54,C
2591,5718894,-55,C
2592,5718894,-56,C
2593,5718894,-57,C
2594,5718894,-58,C
2595,5718894,-59,C
2596,5718894,-60,C
2597,5718894,-61,C
2598,5718894,-62,C
2599,5718894,-63,C
2600,5718894,-64,C
2601,5718894,-65,C
2602,5718894,-66,C
2603,5718894,-67,C
2604,5718894,-68,C
2605,5718894,-69,C
2606,5718894,-70,C
2607,5718894,-71,0
2608,5718894,-72,0
2609,5718894,-73,0
2610,5718894,-74,0
2611,5718894,-75,0
2612,5718894,-76,0
2613,5718894,-77,0
2614,5718894,-78,0
2615,5718894,-79,0
2616,5718894,-80,0
2617,5718894,-81,0
2618,5718894,-82,X
2619,5718895,0,C
2620,5718895,-1,C
2621,5718895,-2,C
2622,5718895,-3,C
2623,5718895,-4,C
2624,5718895,-5,C
2625,5718895,-6,C
2626,5718895,-7,C
2627,5718895,-8,C
2628,5718895,-9,C
2629,5718895,-10,C
2630,5718895,-11,C
2631,5718895,-12,C
2632,5718895,-13,C
2633,5718895,-14,C
2634,5718895,-15,C
2635,5718895,-16,C
2636,5718895,-17,C
2637,5718895,-18,C
2638,5718895,-19,C
2639,5718895,-20,C
2640,5718895,-21,C
2641,5718895,-22,C
2642,5718895,-23,C
2643,5718895,-24,C
2644,5718895,-25,C
2645,5718895,-26,C
2646,5718895,-27,C
2647,5718895,-28,C
2648,5718895,-29,C
2649,5718895,-30,C
2650,5718895,-31,C
2651,5718895,-32,C
2652,5718895,-33,C
2653,5718895,-34,C
2654,5718895,-35,C
2655,5718895,-36,C
2656,5718895,-37,C
2657,5718895,-38,C
2658,5718895,-39,C
2659,5718895,-40,C
2660,5718895,-41,C
2661,5718895,-42,C
2662,5718895,-43,C
2663,5718895,-44,C
2664,5718895,-45,C
2665,5718895,-46,C
2666,5718895,-47,C
2667,5718895,-48,C
2668,5718895,-49,C
2669,5718895,-50,C
2670,5718895,-51,C
2671,5718895,-52,C
2672,5718895,-53,C
2673,5718895,-54,C
2674,5718895,-55,C
2675,5718895,-56,C
2676,5718895,-57,C
2677,5718895,-58,C
2678,5718895,-59,C
2679,5718895,-60,C
2680,5718895,-61,C
2681,5718895,-62,C
2682,5718895,-63,C
2683,5718895,-64,C
2684,5718895,-65,C
2685,5718895,-66,C
2686,5718895,-67,C
2687,5718895,-68,C
2688,5718895,-69,C
2689,5718895,-70,C
2690,5718895,-71,C
2691,5718895,-72,C
2692,5718895,-73,C
2693,5718895,-74,C
2694,5718895,-75,C
2695,5718895,-76,C
2696,5718895,-77,C
2697,5718895,-78,C
2698,5718895,-79,C
2699,5718895,-80,C
2700,5718895,-81,C
2701,5718895,-82,C
2702,5718895,-83,C
2703,5718895,-84,C
2704,5718895,-85,C
2705,5718895,-86,C
2706,5718895,-87,C
2707,5718895,-88,C
2708,5718895,-89,C
2709,5718895,-90,C
2710,5718895,-91,C
2711,5718895,-92,C
2712,5718895,-93,C
2713,5718895,-94,C
2714,5718895,-95,C
2715,5718895,-96,C
2716,5718896,0,X
2717,5718896,-1,X
2718,5718896,-2,X
2719,5718896,-3,X
2720,5718896,-4,X
2721,5718896,-5,X
2722,5718896,-6,X
2723,5718896,-7,X
2724,5718896,-8,X
2725,5718896,-9,X
2726,5718896,-10,X
2727,5718896,-11,X
2728,5718896,-12,X
2729,5718896,-13,X
2730,5718896,-14,X
2731,5718896,-15,X
2732,5718896,-16,X
2733,5718896,-17,X
2734,5718897,0,0
2735,5718897,-1,0
2736,5718897,-2,0
2737,5718897,-3,0
2738,5718897,-4,0
2739,5718897,-5,0
2740,5718897,-6,0
2741,5718897,-7,0
2742,5718897,-8,0
2743,5718897,-9,0
2744,5718897,-10,0
2745,5718897,-11,0
2746,5718898,0,C
2747,5718898,-1,C
2748,5718898,-2,C
2749,5718898,-3,C
2750,5718898,-4,C
2751,5718898,-5,C
2752,5718898,-6,0
2753,5718898,-7,0
2754,5718898,-8,0
2755,5718898,-9,0
2756,5718898,-10,0
2757,5718898,-11,0
2758,5718898,-12,0
2759,5718898,-13,0
2760,5718898,-14,0
2761,5718898,-15,0
2762,5718898,-16,0
2763,5718898,-17,0
2764,5718898,-18,0
2765,5718898,-19,0
2766,5718898,-20,0
2767,5718898,-21,0
2768,5718898,-22,0
2769,5718898,-23,0
2770,5718898,-24,0
2771,5718898,-25,0
2772,5718898,-26,0
2773,5718898,-27,0
2774,5718898,-28,0
2775,5718898,-29,0
2776,5718898,-30,0
2777,5718898,-31,0
2778,5718898,-32,0
2779,5718898,-33,0
2780,5718898,-34,0
2781,5718898,-35,0
2782,5718898,-36,0
2783,5718975,-1,X
2784,5718975,-2,X
2785,5718975,-3,X
2786,5718975,-4,X
2787,5718975,-5,X
2788,5718975,-6,X
2789,5718975,-7,X
2790,5718975,-8,X
2791,5718975,-9,X
2792,5718975,-10,X
2793,5718975,-11,X
2794,5718975,-12,X
2795,5718975,-13,X
2796,5718975,-14,X
2797,5718975,-15,X
2798,5718975,-16,X
2799,5718975,-17,X
2800,5718975,-18,X
2801,5718975,-19,X
2802,5718975,-20,X
2803,5718975,-21,X
2804,5718975,-22,X
2805,5718975,-23,X
2806,5718975,-24,X
2807,5718975,-25,X
2808,5718975,-26,X
2809,5718975,-27,X
2810,5718975,-28,X
2811,5718975,-29,X
2812,5718975,-30,X
2813,5718975,-31,X
2814,5718975,-32,X
2815,5718975,-33,X
2816,5718975,-34,X
2817,5718975,-35,X
2818,5718975,-36,X
2819,5718975,-37,X
2820,5718975,-38,X
2821,5718975,-39,X
2822,5718976,0,X
2823,5718976,-1,X
2824,5718976,-2,X
2825,5718976,-3,X
2826,5718976,-4,X
2827,5718976,-5,X
2828,5718976,-6,X
2829,5718976,-7,X
2830,5718976,-8,X
2831,5718976,-9,X
2832,5718976,-10,X
2833,5718976,-11,X
2834,5718976,-12,X
2835,5718976,-13,X
2836,5718976,-14,X
2837,5718976,-15,X
2838,5718976,-16,X
2839,5718976,-17,X
2840,5718976,-18,X
2841,5718976,-19,X
2842,5718976,-20,X
2843,5718976,-21,X
2844,5718976,-22,X
2845,5718976,-23,X
2846,5718976,-24,X
2847,5718977,0,X
2848,5718977,-1,X
2849,5718977,-2,X
2850,5718977,-3,X
2851,5718977,-4,X
2852,5718977,-5,X
2853,5718977,-6,X
2854,5718977,-7,X
2855,5718977,-8,X
2856,5718977,-9,X
2857,5718977,-10,X
2858,5718977,-11,X
2859,5718977,-12,X
2860,5718977,-13,X
2861,5718977,-14,X
2862,5718977,-15,X
2863,5718977,-16,X
2864,5718977,-17,X
2865,5718977,-18,X
2866,5718977,-19,X
2867,5718977,-20,X
2868,5718977,-21,X
2869,5718977,-22,X
2870,5718977,-23,X
2871,5718977,-24,X
2872,5718977,-25,X
2873,5718977,-26,X
2874,5718977,-27,X
2875,5718977,-28,X
2876,5718977,-29,X
2877,5718977,-30,X
2878,5718977,-31,X
2879,5718977,-32,X
2880,5718977,-33,X
2881,5718977,-34,X
2882,5718977,-35,X
2883,5718977,-36,X
2884,5718977,-37,X
2885,5718977,-38,X
2886,5718977,-39,X
2887,5718977,-40,X
2888,5718977,-41,X
2889,5718977,-42,X
2890,5718977,-43,X
2891,5718977,-44,X
2892,5718977,-45,X
2893,5718977,-46,X
2894,5718977,-47,X
2895,5718979,0,X
2896,5718979,-1,X
2897,5718979,-2,X
2898,5718979,-3,X
2899,5718979,-4,X
2900,5718979,-5,X
2901,5718979,-6,X
2902,5718979,-7,X
2903,5718979,-8,X
2904,5718979,-9,X
2905,5718979,-10,X
2906,5718979,-11,X
2907,5718979,-12,X
2908,5718979,-13,X
2909,5718979,-14,X
2910,5718979,-15,X
2911,5718979,-16,X
2912,5718979,-17,X
2913,5718979,-18,X
2914,5718981,0,X
2915,5718981,-1,X
2916,5718981,-2,X
2917,5718981,-3,X
2918,5718981,-4,0
2919,5718981,-5,X
2920,5718981,-6,0
2921,5718981,-7,0
2922,5718981,-8,X
2923,5718981,-9,0
2924,5718981,-10,X
2925,5718981,-11,0
2926,5718981,-12,X
2927,5718981,-13,0
2928,5718981,-14,X
2929,5718981,-15,0
2930,5718981,-16,X
2931,5718981,-17,0
2932,5718981,-18,0
2933,5718981,-19,X
2934,5718982,0,0
2935,5718982,-1,0
2936,5718982,-2,0
2937,5718982,-3,0
2938,5718982,-4,0
2939,5718982,-5,0
2940,5718982,-6,0
2941,5719018,0,C
2942,5719018,-1,C
2943,5719018,-2,C
2944,5719018,-3,C
2945,5719018,-4,C
2946,5719018,-5,C
2947,5719018,-6,C
2948,5719018,-7,C
2949,5719018,-8,C
2950,5719018,-9,C
2951,5719018,-10,C
2952,5719018,-11,C
2953,5719018,-12,C
2954,5719018,-13,C
2955,5719018,-14,C
2956,5719018,-15,C
2957,5719018,-16,C
2958,5719018,-17,C
2959,5719018,-18,C
2960,5719018,-19,C
2961,5719018,-20,C
2962,5719018,-21,C
2963,5719018,-22,C
2964,5719018,-23,C
2965,5719018,-24,C
2966,5719018,-25,C
2967,5719018,-26,C
2968,5719018,-27,C
2969,5719018,-28,C
2970,5719018,-29,C
2971,5719018,-30,C
2972,5719018,-31,C
2973,5719018,-32,C
2974,5719018,-33,C
2975,5719018,-34,C
2976,5719018,-35,C
2977,5719018,-36,C
2978,5719018,-37,C
2979,5719018,-38,C
2980,5719018,-39,C
2981,5719018,-40,C
2982,5719018,-41,C
2983,5719018,-42,C
2984,5719018,-43,C
2985,5719018,-44,C
2986,5719018,-45,C
2987,5719018,-46,C
2988,5719018,-47,C
2989,5719018,-48,C
2990,5719018,-49,C
2991,5719018,-50,C
2992,5719018,-51,C
2993,5719018,-52,C
2994,5719018,-53,C
2995,5719018,-54,C
2996,5719018,-55,C
2997,5719018,-56,C
2998,5719018,-57,C
2999,5719018,-58,C
